{"cameraMode":{"drawMode":0,"name":"Shaded","section":"Shading Mode"},"sceneLighting":false,"audioPlay":false,"sceneViewState":{"showFog":true,"showMaterialUpdate":false,"showSkybox":true,"showFlares":true,"showImageEffects":true,"showParticleSystems":true},"in2DMode":false,"pivot":{"x":-7.807089328765869,"y":-5.094726085662842,"z":-7.401303291320801},"rotation":{"x":0.08000580221414566,"y":-0.9031356573104858,"z":0.19249644875526429,"w":0.3753596544265747},"size":11.804523468017579,"orthographic":false}